373.jpeg	2022-02-08	wxsync-2022-02-130e6eefb4c139778a6f4c6139a6d5ac.jpeg	1080x2157
372.jpeg	2022-02-08	wxsync-2022-02-202acb4654e80707fb330d4e17c60dc7.jpeg	1080x2157
371.jpeg	2022-02-08	wxsync-2022-02-fe72ae244a0481bfdfb077a967bfa7a5.jpeg	1080x2157
370.jpeg	2022-02-08	wxsync-2022-02-e42dae3d2fd0854594957fc6dc631bbf.jpeg	1080x2160
369.jpeg	2022-02-08	wxsync-2022-02-a4ea7c1adea38e5221ab732a813b8d3f.jpeg	1080x2160
368.jpeg	2022-02-08	wxsync-2022-02-9ce31f0a14f33c18ec320e0f295f0a71.jpeg	1080x2160
367.jpeg	2022-02-08	wxsync-2022-02-2575dd717d6c1e09b8572daabfc24bff.jpeg	1080x2160
366.jpeg	2022-02-08	wxsync-2022-02-85b5f12ba47b4f7ad0d0091492a4ee07.jpeg	1080x2160
365.jpeg	2022-02-08	wxsync-2022-02-25025cea24dacd8e6c23c1f350f62d01.jpeg	1080x2160
364.jpeg	2022-02-08	wxsync-2022-02-f31652e4aea89422962ee534af633563.jpeg	1080x2160
363.jpeg	2022-02-08	wxsync-2022-02-00a837f6b7cb4e0ab70548553a7cc9f4.jpeg	1080x2160
362.jpeg	2022-02-08	wxsync-2022-02-d82590cf1d89de284bbb318e23f91500.jpeg	1080x2160
361.jpeg	2022-02-08	wxsync-2022-02-06ab9116b47b6e18ac9c54be18a8316a.jpeg	1080x2160
360.jpeg	2022-02-08	wxsync-2022-02-b3c7299dd78b17ee1503dc7ede808fda.jpeg	1080x2160
359.jpeg	2022-02-08	wxsync-2022-02-bce11c3d4d976a8881f914686111f1fd.jpeg	1080x2160
358.jpeg	2022-02-08	wxsync-2022-02-7587f177cde3ef6bb73721ce503e950e.jpeg	1080x2160
357.jpeg	2022-02-08	wxsync-2022-02-89f50857201ab9a83b23807da90d1e6c.jpeg	1080x2160
356.jpeg	2022-02-08	wxsync-2022-02-f3a7939953ad66a351926b010b77ffc3.jpeg	1080x2160
355.jpeg	2022-02-08	wxsync-2022-02-b8d5c66b530b5430c49bbb0d807f2e3a.jpeg	1080x2160
354.jpeg	2022-02-08	wxsync-2022-02-fcee14da01e258d456a96d4b2962a979.jpeg	1080x2160
353.jpeg	2022-02-08	wxsync-2022-02-dd57330bcb25ce23e8f80847a18ad335.jpeg	1080x2160
352.jpeg	2022-02-08	wxsync-2022-02-2e087e4ec085ab48987d916027fc19d0.jpeg	1080x2160
351.jpeg	2022-02-08	wxsync-2022-02-056b0d0cd331ce25f35be918ed220ea7.jpeg	1080x2160
350.jpeg	2022-02-08	wxsync-2022-02-61ac5a56bade05fa47675247e47c066f.jpeg	1080x2160
349.jpeg	2022-02-08	wxsync-2022-02-de47058c8bd0290ba46459e7dc5f7cd5.jpeg	1080x2160
348.jpeg	2022-02-08	wxsync-2022-02-8f6d8448496775766688ecc279c46a27.jpeg	1080x2160
347.jpeg	2022-02-08	wxsync-2022-02-abe75879b6a8c78e235c1b7e463e3a92.jpeg	1080x2160
346.jpeg	2022-02-08	wxsync-2022-02-b2e91e3b6cdf0c3da87a4a7389da6eb9.jpeg	1080x2160
345.jpeg	2022-02-08	wxsync-2022-02-44375a1f2738ef6d346b3dace031f4d9.jpeg	1080x2160
344.jpeg	2022-02-08	wxsync-2022-02-70ca1170058fdbb8f34a6349d779c565.jpeg	1080x2160
343.jpeg	2022-02-08	wxsync-2022-02-94cf2c85e2c810798b75a647f3c56bea.jpeg	1080x2160
342.jpeg	2022-02-08	wxsync-2022-02-b9ed4932a6f5a315daf5ff8c4b53f8e0.jpeg	1080x2160
341.jpeg	2022-02-08	wxsync-2022-02-983f42ea3170410d1a7d7db7a880c14c.jpeg	1080x2160
340.jpeg	2022-02-08	wxsync-2022-02-618c4c1193589a45675fd161c5ce8dda.jpeg	1080x2160
339.jpeg	2022-02-08	wxsync-2022-02-4f6e0713ae3ff0e865f3c1dcc5259e99.jpeg	1080x2160
338.jpeg	2022-02-08	wxsync-2022-02-ad6ec5303a41db98e6d1f79c0468628d.jpeg	1080x2157
337.jpeg	2022-02-08	wxsync-2022-02-ec56c13df11e5f7e31b7302a7bfe945b.jpeg	1080x2157
336.jpeg	2022-02-08	wxsync-2022-02-f5dc53829a552eb3e1fcfe6b896548dc.jpeg	1080x2157
335.jpeg	2022-02-08	wxsync-2022-02-b7e14510d413e559c9ea2ba124a674ab.jpeg	1080x2157
334.jpeg	2022-02-08	wxsync-2022-02-8cbdfe6e3da2d18403f9ab1114839f96.jpeg	1080x2157
333.jpeg	2022-02-08	wxsync-2022-02-0d2b90cf6ec1fc634fea0778d9eb9f50.jpeg	1080x2157
332.jpeg	2022-02-08	wxsync-2022-02-13a8f09ab02b1fce8f9c641498a91069.jpeg	1080x2157
331.jpeg	2022-02-08	wxsync-2022-02-96413b2d3a99c139c25623107c9d4290.jpeg	1080x2157
330.jpeg	2022-02-08	wxsync-2022-02-baba5e104766adca43a2594509769ea7.jpeg	1080x2157
329.jpeg	2022-02-08	wxsync-2022-02-d05409656608d99a52a03257008936b6.jpeg	1080x2157
328.jpeg	2022-02-08	wxsync-2022-02-bd10a7a7c92401f7d779c46fcb0abd73.jpeg	1080x2157
327.jpeg	2022-02-08	wxsync-2022-02-9dafaf177048c93eb235e8bbc6de853e.jpeg	1080x2157
326.jpeg	2022-02-08	wxsync-2022-02-c5607b198e563602dbf9327778777420.jpeg	1080x2157
325.jpeg	2022-02-08	wxsync-2022-02-a30a74921a4f6ea374b1ec48d5d7c8f8.jpeg	1080x2157
324.jpeg	2022-02-08	wxsync-2022-02-2f8225fa5493983d26bf9a471d48caf1.jpeg	1080x2157
323.jpeg	2022-02-08	wxsync-2022-02-231af9ad92599efb2e3b5162bd3f2cf8.jpeg	1080x2157
322.jpeg	2022-02-08	wxsync-2022-02-f894cca5b61ee11a9d281537077cca1f.jpeg	1080x2157
321.jpeg	2022-02-08	wxsync-2022-02-b3afd74c7b9d360e565ad249c8301f84.jpeg	1080x2157
320.jpeg	2022-02-08	wxsync-2022-02-6f647e1847d5005f77b3b58758a02206.jpeg	1080x2157
319.jpeg	2022-02-08	wxsync-2022-02-4a5202e7678546adf68fbf35b68daccc.jpeg	1080x2157
318.jpeg	2022-02-08	wxsync-2022-02-5dda0455c89324592c763865ca67248a.jpeg	1080x2157
317.jpeg	2022-02-08	wxsync-2022-02-e38b2ff52d549d9d9ca25d7ebc1ef40f.jpeg	1080x2157
316.jpeg	2022-02-08	wxsync-2022-02-2373104d932fd71bcfb6b6e1bb998343.jpeg	1080x2157
315.jpeg	2022-02-08	wxsync-2022-02-8168842be6eaf573a666124d12f78b09.jpeg	1080x2157
314.jpeg	2022-02-08	wxsync-2022-02-889bcd1b85ff9b0dc4389f6a99e02671.jpeg	1080x2157
313.jpeg	2022-02-08	wxsync-2022-02-8212766c4c60665d325acccf9ee3772d.jpeg	1080x2157
312.jpeg	2022-02-08	wxsync-2022-02-d882b1d8bcdf68db3d4f82873accf095.jpeg	1080x2157
311.jpeg	2022-02-08	wxsync-2022-02-49782917e74ac9a3c5748f0e26942081.jpeg	1080x2157
310.jpeg	2022-02-08	wxsync-2022-02-fced4caa7ce9ebce318bece91feaeb49.jpeg	1080x2157
309.jpeg	2022-02-08	wxsync-2022-02-824baf254e727bad0facdfc3855c0c1c.jpeg	1080x2157
308.jpeg	2022-02-08	wxsync-2022-02-38e3eb2e1ca6184e14dce07ce5cbbaad.jpeg	1080x2157
307.jpeg	2022-02-08	wxsync-2022-02-05cac1c2b34c711c6ed0cc2e94c8f09f.jpeg	1080x2157
306.jpeg	2022-02-08	wxsync-2022-02-7146e5abd5c2868e1bb92117fa848d91.jpeg	1080x2157
305.jpeg	2022-02-08	wxsync-2022-02-517b1e2cfb88c1dd05f3e507b80a0a04.jpeg	1080x2157
304.jpeg	2022-02-08	wxsync-2022-02-ccdcc1d1cc741fb144b74d9074c9597f.jpeg	1080x2157
303.jpeg	2022-02-08	wxsync-2022-02-56cf2dc3b2f0c3f28a39facd6a9bf552.jpeg	1080x2157
302.jpeg	2022-02-08	wxsync-2022-02-22fe4b33acd9d07f51797b511b738fd4.jpeg	1080x2157
301.jpeg	2022-02-08	wxsync-2022-02-1efdecbf68685b264f86eb30a16db2ae.jpeg	899x604
300.jpeg	2022-02-08	wxsync-2022-02-e4123deae7939d10e29fe2fd423255ed.jpeg	1080x214
296.jpeg	2022-02-08	wxsync-2022-02-669d64cbfcffe35e6e758f14b242265c.jpeg	500x500
295.jpeg	2022-02-08	wxsync-2022-02-c92f0396ffdcb77b9cd2e5318f9f2b0c.jpeg	800x800
294.jpeg	2022-02-08	wxsync-2022-02-119e40904e64a9c7b93c6830fbb85350.jpeg	784x463
293.png	2022-02-08	wxsync-2022-02-f48feafca898d6a0d4ae0c8509fe6b16.png	800x461
292.jpeg	2022-02-08	wxsync-2022-02-1ef03e8319371e2919c32800745e34c0.jpeg	800x291
291.jpeg	2022-02-08	wxsync-2022-02-8767b9c28cf04d8707f14b2cd6b129c4.jpeg	1080x393
290.jpeg	2022-02-08	wxsync-2022-02-2be018601b89d9ecef56bdb70ef45df9.jpeg	794x384
289.jpeg	2022-02-08	wxsync-2022-02-b624b1b50a9ef6e713407dbff3c06944.jpeg	1024x768
288.jpeg	2022-02-08	wxsync-2022-02-cc1f7d91889a76ad38185c6b2b5f2226.jpeg	1080x540
287.jpeg	2022-02-08	wxsync-2022-02-ee0351eddbe5adc69bfb15945c109352.jpeg	1080x810
286.jpeg	2022-02-08	wxsync-2022-02-77a4d05655301b6a31f2e102c3a22ca7.jpeg	1080x214
285.png	2022-02-08	wxsync-2022-02-0f757fddae81b48d3594ca2e827d769d.png	800x208
280.png	2022-02-08	wxsync-2022-02-ecb50e43e54058b0a199991a107310d0.png	1077x523
279.jpeg	2022-02-08	wxsync-2022-02-48f2676dc069a407cb8be92a378de097.jpeg	599x775
278.jpeg	2022-02-08	wxsync-2022-02-1d3c8fc98fd40f0aa97b6737caf065c2.jpeg	655x846
277.jpeg	2022-02-08	wxsync-2022-02-8f7fcde79643adf4a073f81dcb75dfdd.jpeg	544x898
276.jpeg	2022-02-08	wxsync-2022-02-c3062c5596fecf432b3ca29ede210e0b.jpeg	1080x1531
275.jpeg	2022-02-08	wxsync-2022-02-7ef9a16291964cfd43aa59ea8f7617e1.jpeg	699x905
274.jpeg	2022-02-08	wxsync-2022-02-fbc3046428d8b11184654efd838912fd.jpeg	697x906
273.png	2022-02-08	wxsync-2022-02-c44414293110602222e812cac841c70f.png	643x513
272.png	2022-02-08	wxsync-2022-02-e3c011d09480e8760a6f18ab204a01f2.png	1080x1159
271.png	2022-02-08	wxsync-2022-02-812af0114c45412c25883e33344dbaf4.png	1080x1261
270.png	2022-02-08	wxsync-2022-02-576b1c18945095ca7f24031c88aaa0db.png	1080x1304
269.png	2022-02-08	wxsync-2022-02-17fff769e72ba99160b7d16462ed3a4a.png	610x610
268.jpeg	2022-02-08	wxsync-2022-02-1ec62518a80a1de811e8e94954812c0b.jpeg	1080x10945
265.png	2022-02-08	image-12.png	1x1
264.png	2022-02-08	image-11.png	1x1
263.png	2022-02-08	image-10.png	1x1
262.png	2022-02-08	image-9.png	1x1
261.png	2022-02-08	image-8.png	1x1
260.png	2022-02-08	image-7.png	1x1
259.png	2022-02-08	image-6.png	1x1
258.png	2022-02-08	image-5.png	1x1
257.png	2022-02-08	image-4.png	1x1
256.png	2022-02-08	image-3.png	1x1
255.png	2022-02-08	image-2.png	1x1
254.png	2022-02-08	image-1.png	1x1
253.png	2022-02-08	image.png	1x1
230.png	2021-01-11	welcome_pig.png	720x960
227.png	2021-01-11	logo2020_2.png	264x134
225.png	2021-01-11	2020.png	940x940
221.png	2021-01-11	ljh.png	450x624
220.png	2021-01-11	lyc.png	361x350
219.png	2021-01-11	hlj.png	439x525
218.png	2021-01-11	momo.png	519x721
217.png	2021-01-11	lg.png	611x697
216.png	2021-01-11	zly.png	298x344
215.png	2021-01-11	qd.png	337x373
214.png	2021-01-11	ll.png	464x615
213.png	2021-01-11	Julian.png	662x676
212.png	2021-01-11	hl.png	457x447
211.png	2021-01-11	zy.png	533x702
210.png	2021-01-11	dyq-1.png	495x565
209.png	2021-01-11	lss.png	337x455
208.png	2021-01-11	yzk.png	288x370
207.png	2021-01-11	dyq.png	495x565
200.png	2021-01-09	sprint-2021-splash.png	678x385
189.jpg	2021-01-08	spring6.jpg	1568x2048
185.png	2021-01-08	sprint5.png	407x503
184.png	2021-01-08	sprint4.png	1242x2208
182.jpg	2021-01-08	sprint-3.jpg	5616x3744
180.png	2021-01-08	sprint2.png	671x528
174.png	2021-01-07	2021-spring.png	450x663
171.mp4	2021-01-07	2021-spring.mp4	544x960
FAIL	https://www.mtlccc.net/wp-content/uploads/2021/01/新春之声.mp4
151.jpg	2020-04-27	31-800x445.jpg	800x445
148.jpg	2020-03-31	40-2-1024x768.jpg	1024x768
147.jpg	2020-03-31	41-3-1024x768.jpg	1024x768
140.jpg	2020-02-20	640.jpg	1080x810
130.jpg	2019-10-08	6.jpg	800x400
129.jpg	2019-10-08	5.jpg	893x541
128.jpg	2019-10-08	4.jpg	800x600
127.jpg	2019-10-08	3.jpg	432x423
126.jpg	2019-10-08	2.jpg	800x600
125.jpg	2019-10-08	1.jpg	800x600
120.jpg	2019-08-30	88.jpg	3600x1826
118.jpg	2019-08-30	77.jpg	800x600
117.jpg	2019-08-30	66.jpg	800x450
112.jpg	2019-08-29	5.jpg	800x600
108.jpg	2019-08-29	8.jpg	800x600
105.jpg	2019-08-29	4.jpg	800x600
96.jpg	2019-03-09	Wei_Xin_Tu_Pian_20180404001128-1000x667.jpg	1000x667
92.png	2019-03-08	1548655137663124w_480.png	480x319
88.jpg	2019-03-08	640-1.jpg	1080x720
86.png	2019-03-08	1-1Z12Q04A0X8.png	1430x953
78.jpg	2019-02-23	640.jpg	1000x750
73.jpeg	2019-02-22	beepress7-1550851134.jpeg	600x800
72.jpeg	2019-02-22	beepress0-1550851133.jpeg	800x600
71.jpeg	2019-02-22	beepress7-1550851131.jpeg	800x600
70.jpeg	2019-02-22	beepress2-1550851129.jpeg	800x600
69.jpeg	2019-02-22	beepress7-1550851128.jpeg	800x600
68.jpeg	2019-02-22	beepress3-1550851126.jpeg	796x342
58.jpg	2018-12-29	W020180926184056476643.jpg	3000x2000
FAIL	https://www.mtlccc.net/wp-content/uploads/2018/12/红红的日子.png
51.png	2018-12-29	yaogu.png	978x508
48.jpg	2018-12-29	zsg.jpg	1000x667
43.jpg	2018-12-29	1505921532307246.jpg	600x400
39.jpg	2018-12-28	2018092115053897.jpg	500x333
35.jpg	2018-12-28	cxm.jpg	400x266
32.png	2018-12-28	fetival.png	300x250
21.png	2018-12-28	banner31.png	800x400
20.png	2018-12-28	banner2.png	800x400
19.png	2018-12-28	banner1.png	800x400
5.png	2018-12-28	logo.png	630x100